DT,under18,withhs,medincome,ppm2
1,25.2,85.6,53682,91.8
1,22.2,89.1,50221,114.6
1,21.2,73.7,32911,31
1,21,77.5,36447,36.8
1,23.6,77,44145,88.9
1,21.4,67.8,32033,17.5
1,23.6,76.3,29918,27
1,22.2,78.6,39962,195.7
1,21.4,75.1,32402,57.4
1,20.4,78.3,34907,46.9
1,24.2,76,41250,63
1,20.6,75.2,33941,15.2
1,22.6,78.3,29357,20.9
1,21.6,76.5,34002,23.1
1,23.3,76,38019,26.7
1,23.7,82.4,43768,73.6
1,21.7,83.5,39077,91.8
1,21.4,77.3,24658,15.6
1,18.3,75,37277,17.7
1,22.1,78.4,35869,36.6
1,22.7,76.7,36275,22.8
1,22.5,79.8,38847,109.4
1,23.6,84.1,44889,89.6
1,25.2,77.5,26519,44.8
1,23,86.6,54766,128.2
1,22,76.2,30687,40.5
1,22.1,81.8,38013,195.2
1,21.7,74.9,33838,27.5
1,24.3,72.5,36415,50
1,22.2,77.2,35625,46.6
1,23.3,76.2,24226,14
1,23.3,77.4,30051,24.5
1,21.2,80.1,41650,30.8
1,23.7,83.9,40948,175.1
1,21.7,74.6,37634,49.4
0,23.1,87.4,45429,592.5
1,21.7,76.1,36028,24.1
1,20.5,83.8,42844,138.8
1,21.7,77.1,38551,49.7
0,21.6,86.7,43542,230.8
1,23.4,81.5,48619,147.8
1,23.1,73.9,26230,15.8
1,18.3,80,30724,35.2
0,22.4,90,58434,417.7
1,23,83.7,35079,21.5
1,21.2,74.6,32888,41.5
1,24.5,76.2,39526,164.4
1,24,83.9,43028,335.9
1,23.4,76.1,29203,22.5
0,24,85.6,44790,292.5
1,23.1,81.4,44800,206.3
1,22.4,70.2,28209,14.7
1,20.5,79.7,28741,22.4
1,19.4,81,33090,48.9
1,22,72.6,35213,39.5
1,25.3,80.4,36143,82.6
0,24.4,91.2,68770,248.5
1,19.7,75.5,22186,15.2
1,22.3,78.9,35439,111.7
1,21.1,79.2,39130,58.1
0,21.1,86.6,45408,147.3
1,22.1,76.4,37566,84.7
1,22.5,80.5,42156,16.3
1,24.8,76.1,23642,13.1
1,20.9,72.7,32900,39.9
1,22.4,85.8,45755,21.3
0,21.8,87.6,49555,7.2
1,20.4,84.3,39954,11.3
0,28.3,84.4,44943,8.1
1,18.7,83.8,39200,15
1,28,80.6,36927,10.8
1,21.9,87.2,45841,106.7
1,24.4,84.7,50027,70
1,28.3,72.5,37745,38.3
1,17.4,90.2,42987,26
1,26.2,71.9,41595,35.5
0,23,84.1,39633,19.2
1,23.6,84.2,35683,23.6
1,17.8,87.6,35343,74.9
0,27,85.8,54515,261.2
1,22.6,85.4,38506,62.5
1,23.4,76,30409,17.7
1,18.1,80.5,30980,8.5
1,23.2,74.2,26201,18.3
0,19.2,86.2,32721,26.6
1,20.4,76.1,31502,25.2
0,19.8,84.5,40246,46.9
0,23.4,84.8,39420,14.5
0,21.6,85.4,35128,32.1
0,23.1,84.5,35225,38.5
0,24.9,84.9,41393,136.4
0,25.1,82.2,39479,104.4
1,27.9,79.1,37751,83.5
1,24,79,38085,29
0,22.3,82.1,28931,12.2
1,25.6,76.9,28680,16.9
0,22.4,81.3,31171,22.3
0,23.9,89.4,50314,174.8
0,23.6,82.1,36766,29.8
1,20.4,83.7,35522,19.8
0,20.9,86.8,39162,141.7
0,23.5,84.9,49004,28.3
0,24.6,82.8,38413,72.9
0,26.4,81.7,32056,31.1
0,21.6,83.4,41193,53.5
0,26.1,76,35879,23.4
0,24,82.5,35026,48
1,18.2,79.8,30661,23.6
1,20.4,75.6,30284,28.4
0,23.3,83,37140,88.9
0,24.8,79.7,31003,38.7
1,20.2,77.5,29732,14.5
0,22.6,77.4,32239,29.6
1,19.6,70.1,25034,17.3
1,17.8,73.5,32697,25.2
0,22.2,83.4,39673,24.7
0,22.4,81.3,34996,31.6
0,26.4,86.7,52582,88.7
0,23.5,76.6,35771,18.8
1,17.3,83.6,34494,27.9
0,24.1,85.1,41319,69.5
1,26.7,77.8,36428,51.6
1,21.2,75.3,27263,13.4
1,19.2,82.3,31345,12.2
0,22.7,82.1,33694,14.6
0,19.5,79.8,30038,10.1
0,23,84.7,32015,35.6
0,22.1,84.6,42455,18.9
1,27.2,72.8,26737,31.3
0,22.8,80.1,32206,18.8
0,23.7,73.3,32089,32.4
1,23.4,85.1,32835,24.1
0,22.8,81.9,40453,76
0,20.2,78.6,34855,13.4
0,23.7,89.2,46013,503.8
0,22.5,80.4,34418,27.6
0,23.8,89.2,55348,148
1,23.6,77,37448,12.6
0,20.3,74.1,30779,12.3
0,24.5,82.2,40471,236.4
0,28.8,66.3,35153,30.2
1,20.4,83,30861,28.6
0,20.1,78.9,29832,20.4
0,23.9,82.4,37435,40.1
0,19.7,81.4,32517,24.4
0,25.3,82.6,41248,215.6
0,23.8,82.6,42487,74.5
1,21.9,73.6,28259,12.4
0,25.1,71.3,35535,23.9
0,18.1,91.2,42149,282.7
1,24.8,80.1,49236,46.3
1,21.6,87,47461,222.6
1,20.2,75.5,40259,97
1,20.8,73.5,32780,25.8
1,13,88.8,44378,235.2
1,15,86,39100,242.8
1,24.2,90.2,59482,315.8
1,18.3,85.8,55843,160.9
1,21.8,82.6,38070,84.7
1,19.1,78.5,33981,23.3
1,18.1,90.2,47233,197.1
1,16.6,79.3,38328,21.6
1,22.2,77.2,35380,89.8
1,20.4,79.8,38406,48.4
1,17.1,78,34694,16
1,15.5,79.5,40455,28.1
1,19.3,75.1,37716,28.8
1,26.7,64.2,37125,43.5
1,28.1,64.4,35425,34
1,18.7,86.5,41024,365.6
1,17.8,81,35560,97.2
1,20.3,75.5,35511,41.6
1,17.5,87,44772,274.5
1,18.8,78,36809,54.2
1,17.5,81.2,44170,24.7
1,20.1,78.4,39722,16.3
1,19.8,86.4,45035,316.6
0,19.1,91.8,46369,413.1
1,19.8,81.1,34348,36.5
1,19,75.6,39681,10
1,20,78.2,33833,27.6
1,18.8,85,39453,209.1
1,16.8,88.8,49846,269.2
0,20.6,78.8,43100,1315.5
1,15.3,89.9,53607,74.3
1,20.4,89.4,55315,113
1,22.7,67.8,34570,52
0,22.7,87.2,47581,1268.5
1,25.1,83.8,43891,202.4
1,22.8,82.4,43113,334.9
1,21.6,77.5,32497,102.2
1,22.6,89.4,57703,149.6
1,7.4,87.8,48493,170.8
1,21.4,79.8,35698,60.3
1,19,76.5,36356,21.6
1,19.2,73.9,42660,63.8
1,20.8,87.7,52691,50.8
1,20.2,84.5,43640,53
1,19.8,80.3,38501,42.7
1,25.4,76.8,36786,36
1,28.1,64.6,30049,24.7
1,26,72.2,33757,42.9
1,20.6,79.5,27353,10.1
1,19.3,81.7,32751,177.3
1,23.2,75.5,41141,79.3
1,25.2,80.4,47197,217.9
1,25.4,76.9,28547,70.5
1,23.5,76.8,32258,42.7
0,25.2,82.4,37550,622.8
1,21.5,79.5,36073,60.5
1,25,76.8,36070,41.6
1,21.9,77.4,34419,32.9
0,29.1,88,64707,69.3
0,20.4,85.9,35840,104.4
1,26.2,76.9,31494,28.2
1,22,74.7,49754,128.3
1,19,68.6,26986,23.9
1,25.2,90.4,51990,82.4
1,25.6,78.5,35070,45.3
1,24.2,79.7,46147,221.5
1,23.6,82.3,47087,394.3
1,19,74.3,40111,15.7
0,22.2,88.7,45794,621.7
1,22.6,92.5,48758,45.3
1,22.6,69,33228,83
0,26,88.9,67261,508.3
0,17.6,85.1,33060,979.1
1,21.8,77.9,21192,16.3
1,25.9,71.1,30345,8.5
0,24.6,90.8,63920,2026.4
1,24.7,75.5,35693,73.7
1,26.8,72.1,32484,83.6
0,26,91.3,69306,427.6
1,26.6,74.8,34985,75.8
0,25.7,87.8,60813,288.8
1,21.2,78.7,41586,38.9
1,24.9,79.5,35240,86
1,19.8,80.3,43205,95.6
1,21.8,85.8,53525,105.9
1,24.7,78.4,30619,46.6
1,20.9,80.2,37292,44
1,19.8,70.9,29012,38.1
1,24.9,79.9,31671,287.7
1,25.2,76.7,28853,21.5
1,27.7,74.7,31375,9.7
0,26.9,85.2,63030,109.4
1,22,78.3,35817,57.4
1,25.1,76.5,32046,33.2
0,26.7,76.2,36788,60.2
1,17.7,79,34239,61.2
0,23.9,94.3,79977,548.3
1,23.5,77.9,40821,188.9
0,28.9,91.4,86569,783.5
1,21.9,72.3,34830,84.5
0,23.2,90.4,56857,1748
1,20.5,76.5,39140,66.3
1,24,78.3,37760,21.4
1,23.1,86.6,46407,189.7
1,25.6,73.4,40926,155.1
1,25.7,72.7,30571,55
1,19.1,78.7,42565,41.3
0,27.8,87,60445,1871.2
1,23.2,77.9,39306,155.5
0,26.5,78.8,50853,457.5
1,16.3,75.8,25000,20
1,24.4,74.2,39993,102
0,22,89.2,69223,69
1,21.4,80.3,35615,108.5
1,23.6,72.7,39909,40
0,25.7,88.8,54893,372.5
1,22.3,81.1,40771,26.9
1,25.7,81.1,53179,178.1
1,24,83.6,42192,37.8
1,27.5,79.6,36296,45.6
1,24.1,73.8,26968,32.2
1,22.6,72.6,26104,24
1,19.6,75.8,36722,32.9
1,24.5,88.7,51497,72.8
1,20.7,81.9,41016,99.8
1,25.6,76.4,39452,54.4
1,24.8,79.8,34793,60
1,26.8,83.9,60104,79.5
1,28.7,90.9,43832,129.5
1,19.1,82.1,35625,38
1,28.8,85,42651,36.1
1,24.8,84,37365,220.2
1,18.9,85,43775,105.9
1,25.2,74.6,37487,85
1,19,80.5,39068,33.8
1,19.9,70.5,30240,36.8
1,23.1,78.7,42549,99.6
1,21.8,75.1,33301,23.9
1,22.4,73,37333,43.9
1,23.4,79.9,32260,21.7
1,23.7,72.3,32054,45.9
1,20.9,79.5,48630,66.8
1,22.2,82.3,32702,38.1
0,23,81.7,47729,51.4
1,25.3,69.3,34888,115
0,24.3,85.4,41339,877.5
1,27.1,84.5,50580,367.3
0,26.8,91.3,75004,178
1,21.6,79,45729,33.9
1,22.3,82.7,39844,184.3
1,20.9,80.8,51383,126.8
1,25.4,77.6,39067,59.3
1,24.9,85.1,53865,82.7
1,26,72.7,39208,133.6
1,19.7,77.5,41550,48.2
1,21.3,84.5,44764,61.6
1,17.6,72.3,31068,16.6
1,18.3,85.2,35423,44
1,20.6,72.3,30023,18
0,23.7,83.7,37749,618.4
1,27.7,73,38425,30
1,22.7,78.9,34848,22.6
1,21.8,81.2,30521,37.1
1,24.5,76.6,41534,326.1
1,22.4,80.4,37898,146.1
1,15.4,63.1,23451,13.2
1,24,76.2,33796,68
1,18.8,76.7,32424,17.5
1,18.5,68.3,25465,8.8
1,21.2,75.1,37587,53.2
1,21,76.4,27455,23.6
1,17.7,73.9,26634,37.7
1,23.6,65.6,32628,27.8
0,24.1,81.8,34035,82.1
1,25.1,77.5,34591,154.9
1,27.3,79.2,31189,74.8
1,13.8,86.8,36570,62.9
1,24.5,74.4,37894,34.5
1,25.3,81.8,41161,161.9
1,26.3,72.1,28326,31.3
1,19.1,70.3,31234,25.2
1,16.8,84.7,40009,66.3
1,22.4,77.6,35329,84
1,22.7,79.1,39963,154
1,25.9,83.1,52369,257.2
1,23.8,80.4,34572,40.7
1,21.5,73.2,27796,20.5
1,22.3,76.2,33652,31.2
1,24.4,81.3,35830,46.9
1,21.3,77.5,35718,13.4
1,16.9,74.8,24382,25.1
1,21.3,85.2,40670,112.8
1,27,69.1,40471,353.2
1,18.8,75.9,32928,24.5
1,21.7,76.2,28983,22.6
1,22.7,79.7,36173,21.4
1,22.7,71.4,35792,38
0,25.1,93.6,55210,372.8
0,26.8,91.8,43534,74.5
0,27.6,90.7,44964,6.1
0,22.2,87.4,39049,12
0,31.7,84.6,47941,21.8
0,23.2,90.6,64042,8.1
0,20.3,90.7,41414,23.6
0,31.3,90.5,50872,55.9
0,22.9,84.9,37003,8.6
0,25.6,89.2,41131,1.3
0,29.9,82.7,42105,321.6
0,28.6,88.7,53586,3.9
0,32.3,78,42039,8.9
0,28,70.1,33200,0.6
1,26.4,84,42842,8.8
0,34,92,44962,19.3
0,28.4,87.9,44520,7.1
0,23.6,86.3,44432,29.8
0,28.2,74.6,37050,21.2
0,34.8,89.4,52023,23.9
0,30.8,70.2,40126,37.5
0,23.6,92.1,49002,111.3
0,18.5,95.3,41735,34.6
0,18.2,90.4,34122,1.7
0,23,88.3,36000,8
0,30.9,74.5,42433,4.3
0,27,94.9,32059,80
0,28.9,75.7,43266,26.5
0,21.7,90,46503,46.3
0,28,93.1,40842,3.6
0,26.6,75.4,32175,1.5
0,27.1,85.4,43649,55.6
0,30.5,80.3,44212,5.6
0,27.8,87.8,53931,22.6
0,27.6,83.7,43886,40.2
0,18.3,92.4,50473,2.7
0,23.4,81.8,37453,7
1,22.5,89.7,45073,78.5
1,22.9,74.6,26972,35
1,19.4,86.3,48163,46.7
0,26.1,85.8,60893,193
1,15,81.5,42194,22.7
0,21.8,89.2,48977,40.2
1,20.4,89,50436,20
0,19.1,88.9,47985,34.6
1,24.5,86,45734,36.3
0,19.2,93.6,45808,201.8
1,21.2,88.2,45145,49.1
1,22.8,89.5,47405,32.6
1,22.9,87.7,40640,29.5
1,21.5,88.7,61720,79.7
0,18,90,37040,106
1,19.8,89.2,46216,44.7
0,22.8,88.8,43958,31.9
0,25.5,83.8,52741,48
1,21.1,86,42133,29.8
1,23,86.8,39075,30.2
0,23.7,90.9,52108,71.5
1,21.7,84.2,44722,30.9
0,22.8,88.6,48866,29
1,22.1,87.1,36273,96.8
1,20.2,86.4,45130,42.8
1,19.9,81.3,40330,17.3
1,22,88.6,43502,25.6
1,25.9,91.7,64541,119.8
1,22.3,83.8,38417,19.5
1,20.6,90.6,43925,24.1
1,20,83.2,37071,24.3
1,18.3,88.4,49389,19.3
0,22.6,89.7,52940,61.3
1,22.2,88.3,47079,26.6
0,18,89.7,33479,103.1
0,22.9,91.5,52233,19.6
1,21.8,86.8,42981,68
1,21.6,88.3,53954,62.2
1,18.5,83.4,40760,36.6
0,27.1,82.8,69530,990.8
1,24.1,86.4,50102,167.7
0,29.8,92.5,81765,358.2
0,20,85.9,40667,73.9
0,25.4,88.9,77469,1585.6
1,18.8,76.1,40145,45.2
0,20.3,86.4,50060,49.7
0,21.6,86.1,54614,37.3
0,19,85.8,47133,49
0,16.6,91.7,36031,55.3
0,22.1,94.4,62089,143.3
1,22.4,88.1,46559,190.8
1,21.5,89.1,49590,55.4
1,22.2,90.9,53633,376.3
1,23,86.7,41010,68.9
0,19.9,90.8,51504,32.7
1,21.1,85.4,42260,27.2
1,21.9,83.4,43615,65
0,22.4,92.5,58190,40.4
0,21.8,90.5,53136,29.3
1,22.8,92.8,68482,85.6
1,20.5,85.1,41952,42.8
0,20.1,88.1,46809,62.5
0,24.4,85,46622,44.2
0,23.1,88.9,54541,70.5
0,23.8,89.9,50712,301.2
1,19.4,84.5,42078,50.6
0,22.2,92.7,63027,38.1
1,22,86.1,39845,19.8
1,15.6,87.6,38371,12.1
1,21.9,80.2,33717,30.9
1,20.2,88.8,54196,37.5
1,19.5,82.2,47427,58.2
1,22,90.6,44070,45.1
0,22.1,87.4,48702,345
1,21.7,84.9,37800,65.6
0,23,92,55449,227.4
1,20.3,88.9,48138,17.3
1,22.3,89.8,49669,21.3
0,21.4,89.8,47188,29.5
0,20.4,87.9,54203,20.8
0,21.9,89.5,43472,84.5
0,23.1,91.7,56067,208.6
1,21,83.9,41848,43.1
1,24,85.7,41400,90.9
1,22,89.3,47365,53.5
0,21.6,87.8,43536,32.6
1,20.7,89.7,52832,26.2
1,22.5,86.4,43605,23.5
1,21.7,85.4,42914,29.6
0,22.4,87.4,47667,85.5
1,21.9,88.9,43125,157.9
0,23.8,86.2,47072,575.2
0,24.6,93,66639,73.3
0,22.1,90.7,47892,13.5
0,22.5,89,48831,22.4
0,20.2,90.3,48313,13.8
0,21.5,89.5,45747,231.7
0,21.8,93.8,61216,55.7
0,25.3,78.7,46951,35.2
0,20.6,90.5,44484,17
0,22.6,92.8,43481,24.7
0,20.5,92,44795,77.7
0,23.8,88.8,43971,24.7
0,22.8,93.1,49035,29.4
0,22.7,90,49559,70.7
0,28.6,94.4,73847,112.4
0,21.8,85,36326,15.9
0,23,91.1,42451,96.9
0,23.1,91.4,51475,154
0,21.2,88.9,45542,28.6
0,22.8,85.2,48355,18.4
0,22.9,88.8,45865,16.4
0,22.2,91.4,50609,18.5
0,22.7,90.7,50105,19.9
0,22.6,91.1,54583,21.4
0,25.2,87.1,46429,20.2
0,23.8,89.4,43449,16.4
0,22.3,89.2,46467,31.2
0,16.8,95,48814,38.7
0,21.8,91.4,55041,35.9
0,21.9,92.2,51812,16
0,23.8,93.8,57260,294.6
0,23.3,89.9,43288,20.7
0,26,94.2,57581,27.9
0,24.1,92.4,54723,60.1
0,24.2,92.1,63076,34.4
0,21.4,89.7,42025,13.3
0,22.6,87.4,44281,25.3
1,18.2,92,53663,102.1
1,20.9,94,85478,226.2
1,13.2,86.9,37189,16.2
1,15.4,89.4,37586,10.5
0,24.9,90,52061,135
1,19.4,88,38016,51.8
1,19,90.7,45362,49.6
1,18.5,84.3,38874,43.8
1,19,82,41189,9.9
0,22.9,91.1,52186,107
1,21,89,45376,243.7
1,19.2,90.3,47366,54.8
0,22.5,87.4,43633,276.2
1,23.7,86.4,41856,89.4
0,23.2,88.8,42110,192.8
0,21.3,87.2,44346,106.7
0,20.3,91.6,45949,62.3
1,17.8,87.8,38410,36.6
1,19.1,89.8,41637,24.7
1,20,83.9,32668,54.8
0,23,92.9,60466,133.1
1,18,85.4,40295,25.3
0,20.3,91.4,42676,31.7
0,20.1,93.8,44136,34.4
0,21.7,93.4,54115,187.3
0,20.6,93.8,50929,69.9
1,19.3,83.9,37626,51.2
1,16,91.7,34252,14.9
0,20.8,93.3,51766,187.3
0,20.5,87.7,40359,74.7
1,22.3,87,41759,78.1
0,20.6,91,35430,36.3
1,19.6,86.9,40204,39.6
0,20.4,91.1,45321,505.1
0,23.2,87.9,47892,111.9
1,17.1,87.4,36236,47.1
1,16.5,89.2,34685,10.1
0,17.4,90.1,36372,122.8
0,22.1,89.1,46615,228.4
0,22.1,92.6,45775,445.7
1,21.7,85.9,40140,30.6
0,25.1,89.4,51667,711.5
1,16.9,80.3,29379,20.3
1,22,90.2,52939,137.4
0,17.4,94.2,55018,62.5
0,21.9,89.1,47766,133.3
0,23.1,94.4,72359,320.2
1,16.5,85.8,39469,7.4
1,16.8,88.3,38704,10.9
1,17.8,88.8,41551,45.6
0,18.1,93.5,45622,37.1
0,20.7,89.5,41136,58
0,18.9,89.8,39470,77.1
1,19.7,90.2,41739,23
0,21.9,92.2,53076,162
0,23.2,86,41061,26.3
1,22.4,89.3,53972,276.7
0,22.9,87.4,40451,89.8
1,15.2,84.9,35261,17.9
0,23.8,88,40979,344.9
0,23.2,85.9,42571,59.6
0,22.1,92.7,65594,1385.7
0,24,84.1,40023,51.9
1,18.8,85.1,34619,38.5
1,23.5,86.9,37788,41.5
1,18.8,82.6,33239,15.3
1,21.3,91,47584,46.9
0,24.9,90.9,56453,468.2
1,16.5,86.8,39652,20.3
1,15.1,85.1,33334,47.1
0,22,87,42331,250.2
1,22.2,86.8,40478,44.8
0,22.3,90.6,46217,133.1
1,21.4,86.8,43039,69.4
0,24.2,85.3,45129,125.5
0,19.7,94,59055,488.4
1,23.3,88,40965,57.9
1,21.2,78.8,27381,69.8
1,23.8,78.5,33600,92.6
1,21.1,74.7,30750,18
1,25.1,73.2,31641,26.6
1,22.4,73,31060,21.5
1,25.6,73.8,28599,39
1,24.2,68.2,30000,25.5
1,19.8,78.2,31039,16.9
1,25,72,31061,34.7
1,22.5,78.3,29876,20.4
1,21.9,80.9,23689,19.7
1,23.1,77,31362,24.2
1,24.2,79.1,30764,50.3
1,27.6,76.6,26407,47.3
1,23.6,79.6,35421,37.9
1,24.8,76.5,33381,47.3
1,23.1,83.8,36726,160.7
1,24.5,81.1,32372,14.4
1,26.2,83.8,43958,47.2
1,20,75.7,36888,20.2
1,23.7,78.4,34129,51.9
1,22.1,85.4,44522,92.7
1,24.3,85.6,43124,326
0,25.2,85.1,37626,282
1,26.8,71.4,22325,25.4
1,27.4,64.1,23600,22.4
1,21.9,76.7,36073,43.9
1,24.2,86.3,48943,193.2
1,23.5,76.6,31170,25.2
1,23.2,79.7,26028,14.9
1,25.6,78.7,38074,97.5
1,20.8,75.9,29003,13.6
0,18.1,86.3,43328,75
1,25.8,90.3,51154,112
1,24,84.1,36203,114.1
1,24,82.3,38393,30
1,28,74.9,32521,40.8
0,25.8,82.9,42074,184.3
1,27,73.2,24480,54.5
1,24.7,82.8,36498,59.5
1,24.1,82,37868,118.3
1,25.6,89.2,59904,133.2
1,24.2,74.3,29400,49.9
1,22.1,73.9,36022,52.6
1,23,76.7,36308,48.3
1,22.9,72.7,30466,26.8
1,28.1,77.2,37050,52.1
1,25.4,83.3,39190,37.6
0,25.3,65.5,24338,16.6
0,18,86.4,30987,104
1,25.9,75.8,35715,50.7
1,23.3,83.2,42510,68.9
1,23.6,80,36124,18.9
1,26.6,78.2,34841,98.8
0,26.6,76.4,39899,60.2
1,22.9,72.7,32503,60.9
1,24.9,68,22863,20.3
1,24.3,88.9,57380,182.6
1,26.6,72.3,34534,46.4
1,25.4,77.3,35125,11.4
1,25.3,78.3,38362,46.7
1,24.4,80.8,34753,25.9
0,22.4,84.5,42963,39.9
1,23.3,70.2,26619,42.2
1,20.4,65.7,29853,23.8
0,24.2,79.9,41494,71.4
1,24.6,75.8,34636,48.6
1,22,76.8,32592,46.2
1,30.3,76.8,31446,23.7
1,25.2,76.1,38373,65.3
1,24.6,74.8,31090,38.2
1,24.8,83.4,41025,82.9
1,26.5,75.5,28093,70.6
1,24.8,72.7,29925,25.6
1,24.2,81.3,33524,24.4
1,21.7,71.9,33618,14.6
1,23.6,79.5,30821,31.6
1,22.7,77.5,32930,27.1
1,24.2,74.1,26336,30.4
1,18.5,86.7,34733,45.1
1,22.9,90.3,54336,40
1,20,89.3,44426,10.4
0,23.5,84.3,43013,36.9
0,23,82.2,38710,45.7
0,25,85.8,40580,21
1,24.1,83.9,38579,20.4
1,17.6,82.9,32951,27.1
1,22.4,79.7,37716,20
0,20.5,93,48627,237.3
1,22.9,86.1,44363,218.6
1,23.7,78.2,34969,61.6
1,23.9,86.9,41169,22.1
0,21.5,86,47964,53.1
1,18.4,89.4,43458,67.1
0,21.5,87.7,46516,130.8
1,22.7,83.9,46002,13.4
1,23.9,74.7,30962,12.3
0,25,92,60350,142.8
0,23,84.1,30302,29.5
1,22.4,83.2,39385,10.4
0,26.1,91.6,52838,137.6
1,23.3,85.2,40204,14.1
0,25,91.8,60936,558.6
1,23.8,90.4,53826,49.5
0,22.9,90.4,53931,193
0,21.7,85.9,45992,31.2
1,23.5,78.1,35897,33.3
0,21.1,85.3,35483,16.1
1,23.3,76.9,40120,31
1,26.2,84.2,42393,15
1,22.8,76.8,36311,20.8
1,21.5,81.7,32130,16.8
1,25.9,72.3,31304,59.1
1,23.6,85.4,48857,110
1,21.2,84.2,41392,29.4
1,24.6,85.7,39192,13.7
0,21,90.1,40337,407.5
1,23.5,85.4,37964,23.6
1,24.7,82.7,37739,12.4
1,22.4,85.8,39839,32
1,17,82.4,29325,24.1
1,19.9,89.7,42979,10.6
0,21.7,85.6,42747,21.9
1,24.2,82.6,32533,43.6
1,21.9,77.3,36387,19.3
0,24,88.3,47015,1115.3
0,25.5,84.3,40399,183.9
1,24,87.4,54845,333.1
1,21.7,91.6,47223,63.4
1,24.1,85,34481,8.2
1,24.7,81.7,39013,46.5
1,23.3,86.9,50527,53.1
0,25.5,84.5,39334,63.2
1,22.8,87.4,42071,20.2
1,26.4,85.2,52835,83.9
1,23.8,87.5,38250,20.7
1,21.1,87,40116,28.5
1,26.3,78.5,37997,42.8
1,23.7,85.8,38443,19.4
1,23.3,75,35870,24.7
1,21.9,82.7,42566,17.4
0,23.5,84.1,42046,65.9
1,24.1,87.7,40272,8.3
1,23.6,84.8,35507,41.8
1,22.4,71.6,29787,34.9
0,25,82.3,47118,37.6
1,22.6,87.6,40657,13.6
1,22.8,80.8,40236,22.8
1,22,79.2,34797,34.4
1,23.8,76.9,35793,28.1
0,24.4,85.4,42268,93
0,16.9,91.1,36641,26.6
1,22.3,79.8,27743,13.8
1,23.6,88.6,51408,23
1,19.7,82.8,32078,13.1
1,26.9,72.5,28889,37.1
1,24,82.8,47876,40
1,25.1,81.8,38580,61.9
1,21.1,86.8,41964,67.2
1,21.9,78.9,39850,27.6
0,23.9,94.2,67721,212.6
0,23.6,83.7,39512,49
1,22.7,90.1,49820,95.5
1,21.3,84.7,36713,9.6
1,21.8,89.6,47969,21.6
1,22.1,84.6,37203,52.7
1,23.4,88.3,52698,41.3
1,20.8,77.1,34496,8.3
1,22.7,75.2,32291,22.4
1,23.1,82.8,39519,30.9
1,25.2,85.9,34688,14.4
1,28.3,78.7,39028,11.1
1,23.9,80.3,40651,93.3
1,22.2,81,31132,8.4
1,23.1,89.5,35938,12.7
1,22.3,79.8,37965,36.4
1,17.6,84.9,40850,69.4
1,22.9,82.1,36676,10.4
1,21.2,84.7,38461,81.7
1,21.4,82.9,36082,22.1
1,24.5,84.9,38679,25.6
1,24.4,84.3,50830,75.9
1,23.1,71.6,34702,33.2
1,20.8,77.1,33159,17.8
0,27.2,84.7,44596,61.1
1,20.4,92.9,39348,8.1
1,25.1,76.5,28645,27.6
0,23.3,89.2,49830,5
1,23.8,83.9,52873,247.3
0,18.2,92.7,60100,66.2
0,28.1,83.2,70238,2.8
0,26.8,81.1,72742,1.1
0,22.7,82.7,40143,0.5
1,22.4,84.3,46137,26
1,12.5,93.9,61573,15.3
1,22.4,86.9,53040,66.9
0,21.5,86,48586,1.1
1,20.5,86.4,51957,382.1
0,19.5,90.6,58654,150.1
0,16.8,91.9,50866,51.4
0,18.6,91.4,55155,109.1
0,17.7,85.5,41985,18.4
0,17.2,91.6,54912,52.2
0,21.7,90.8,69829,457.4
0,19.9,92.1,65353,156.8
0,20.6,94.5,77348,425
0,19.5,91.6,58825,333.7
0,19.7,90.1,54463,81.4
0,22.9,83,43043,356.5
0,21,79.3,40637,143.1
1,18.1,79.4,35170,47.5
1,20.4,76.3,33870,50.7
1,18.6,81.4,35951,64
1,16.1,81.5,36969,72
1,21.2,81.7,40429,57.7
0,18.8,72.6,30768,30.4
1,21.6,74.7,30164,40.2
1,17.2,86.3,46438,126.8
0,19.4,89,44713,362.9
1,19.9,76.7,37263,179.3
1,21.1,75.7,34357,176.1
1,23.9,86.3,56607,41.5
1,18.4,88.3,46534,131.3
1,19,73.2,35315,55.8
1,23,82.3,44332,387.1
0,20.3,85.8,57091,93.1
1,17.9,81.9,34432,60.3
1,21.1,79.7,34420,85.8
1,17.8,86.9,38828,49.3
1,22.3,82,38989,211.3
1,22.3,79.2,35761,62
1,22.5,87.2,47141,146
1,19.6,91.5,55481,88.5
1,22.7,80.4,43083,294.7
1,21.9,85.4,50139,156.2
1,24.9,71.4,34433,71.7
0,22,86.9,51853,935.7
1,23.2,79.5,33960,111.9
0,23.7,87,45724,859.2
0,23,81.2,41696,123.3
1,21.6,83.3,46592,35.8
1,21.2,78.6,33903,30.3
1,21.3,81.1,49852,112.7
0,21.5,76,40853,80.3
0,22.8,87.9,45431,756.4
1,21.9,75.8,32329,75.5
1,27.2,84.4,44625,192.7
0,18.4,86.1,41557,106.6
0,19.7,87.5,44815,286.1
1,19.8,77.5,33406,69.9
1,28.8,84,45489,120.2
1,18,78.8,42279,9.5
1,23.9,85.9,50329,277.8
0,17.1,85,36951,82.1
0,26.4,83.2,49711,213.4
1,19,83.8,36213,21.6
1,25.3,80.2,44819,227
1,22.9,79,35770,148.5
1,21.9,83.6,48940,262.7
1,20.7,80.8,35297,102.1
1,18.9,85.7,37892,65.8
0,19.1,80.8,38598,46.2
0,20.7,81.5,35111,53.1
0,24.6,88.8,55444,1755.5
1,18.6,81.3,37680,70.4
1,23.2,71.8,31830,56.5
1,21.2,89.7,49544,126.5
0,22.9,83.1,43084,177.3
1,19,72.9,31433,41.2
1,25.4,90.2,45450,233.1
0,20.4,91,55569,336.2
1,16.5,85.7,43853,39.1
1,21.6,83.7,46053,179.2
1,22.5,86.7,44524,60
1,20.3,83.7,43709,54.4
1,21.8,83,42317,100.6
0,21.9,85.8,40718,257.9
1,17.3,87,44745,86.3
1,23.6,78,41208,181.1
1,23.6,80.1,32384,98.4
1,25.9,71.5,29806,141.3
1,21,79,38567,165.6
1,22.8,81,41495,270.7
1,21.4,81.6,36334,120.2
1,24.7,75,36496,67.1
1,23.5,77.6,29592,113.4
1,21.7,80.6,42518,153.3
1,20,81.1,42703,105.6
1,22.2,75.3,35641,138.4
1,22.7,82.1,36094,26.5
0,16.4,88.4,41781,87.4
1,18,71.5,34216,11.3
0,28.6,87.8,65892,318.7
1,24.1,75.6,34987,179.2
0,25,91.6,66006,1078.8
1,18.9,76.5,34285,48.9
0,21.3,79,34936,38
0,13.2,89,34293,163.4
1,24.1,81.7,41731,221.7
1,21.2,74.2,33159,91.9
0,23.7,78.5,39204,220.6
1,21.9,78.8,40371,114.7
1,19.3,83.2,38579,57
1,24.5,76.7,35678,48.9
0,23.3,88.4,42823,264.2
0,23.2,87.1,46548,125.6
1,22.6,85.1,40516,144.6
1,15.6,89.4,33823,128.6
0,24.3,91.4,52239,114.5
1,19.1,87.7,41534,132.3
1,23.5,81.5,44341,91.5
0,24.3,88.9,56610,788.2
1,21.5,85.1,43779,73.1
0,23.4,87.4,49157,93.5
0,22.8,86.1,43136,348
1,24,87.7,46048,102.9
1,20.9,86.5,42300,202.7
1,23.5,84.9,41274,65.4
0,22,86.8,40783,109
0,21.5,87.5,43804,2800
1,24.2,87,43425,88.5
0,23.5,88.4,47593,94.9
0,27.6,96,89757,393.2
0,21,89.3,46498,306.4
0,24.5,91.5,58786,289.8
0,24,83.4,37619,71.4
0,23.7,89.7,50877,2186.1
0,24.2,88.6,52856,105.3
1,23,81.3,39226,66.3
0,24.1,90.9,67663,233.4
0,20.7,92.4,58080,390.5
1,22.8,84.9,38841,76.8
0,23.3,88.6,48593,1976.7
0,22.7,91.7,49589,140.7
0,23.3,86.8,40415,68.1
1,21,85.7,39002,39.4
0,23.9,90.4,49439,67.8
1,24.2,82.2,39091,78.8
1,23.2,86.7,42089,69.7
0,33.2,55.2,45477,100.3
0,24.7,87.7,49404,121.3
1,24.1,81.4,36356,79
1,19.5,89,40577,170.7
0,23.3,88.1,49750,115.9
0,20.9,91.2,56018,1011.2
1,22.4,85,41552,137.7
0,23.7,89.2,55114,243.9
0,24,86.1,47542,100
0,22.8,88.8,51816,613.6
0,23.2,87.8,41556,1296.2
0,21.3,85.7,54956,93.2
0,21.2,85.5,42572,164.7
0,23.5,93.2,65951,409
1,21.7,83.4,35469,55.3
0,25.4,90.7,52535,88.3
0,23.2,88.4,52040,252.1
1,20.9,86.4,40573,32.1
0,22.5,88.2,43401,1159.5
1,21.8,85.6,37865,36.2
0,24.2,87.8,51484,85.8
0,23.3,87.1,40524,129.5
1,18.2,80.1,38290,36.8
0,19.6,91.5,53202,162.5
0,23.9,88.6,44861,47.1
1,24.2,84.2,41446,88.4
0,22.1,84.9,54003,111.1
1,23.9,77.6,42165,65.2
0,19.3,91,52697,331.2
1,23.4,87.8,48405,99.7
0,25.7,91.9,61192,71.5
0,21.8,86.2,41835,251.3
0,21.7,84.1,43264,113.3
0,23.3,88.6,46140,149.2
1,22,81.3,35379,130.3
0,22.3,89.4,43764,103
0,26,88.2,50427,121.2
0,21.9,89.1,45641,652.9
0,21.7,90.3,49669,1312.6
1,21,87.7,42880,340.1
1,22.9,86.7,43739,163.1
0,25.4,92.2,65086,121.1
0,23.5,90.8,45355,70.3
1,23.3,80.4,36705,32.6
0,25.9,92,72487,530
0,20.1,88.8,42834,97.8
0,24.6,85.9,49135,206.4
0,23.1,89.3,43089,89.4
0,20.7,93.1,52069,203.3
0,23.4,89.6,44448,55.6
0,26.8,77.4,32556,39.6
0,19.6,86.1,44811,6.5
0,22.3,83.1,37012,14.5
0,25.3,83.8,51422,3.1
0,25.4,82,48989,24.5
0,26.4,82.7,44206,12.9
0,23.7,83,38897,46.9
0,24.9,83.2,39267,23.2
0,26.5,91.5,63629,128.9
0,25.5,85.7,41401,57.8
0,23.1,85.1,37260,62.7
1,24.5,80.5,30201,19.7
0,24.1,81.7,38301,1.3
0,22.3,90.9,54989,474.7
0,23.9,80.7,34867,11.5
0,24.2,89,46036,116.1
0,23.9,85.8,46317,9.8
0,21.9,83,39236,19.7
0,24.2,84.8,43026,73.6
0,24.6,85,44972,27.8
0,21.3,84.7,36588,56.2
0,26.1,87.5,46488,4.8
0,23.3,88.3,47344,3.4
0,25.7,85.7,44530,57.2
0,24.9,83.3,38245,34.4
0,24.4,85.1,49637,47.6
0,23.8,90.1,46625,4.5
0,19.9,79.6,39900,9.8
0,24.8,75.3,26688,5.4
0,25.5,85.4,46117,3.5
0,24.2,78,35334,22.1
0,21.6,77.3,34619,17.4
0,25.7,84.2,42824,32.9
0,24.2,81.5,34701,8.5
0,23.5,80.8,36192,17
0,25.1,86.4,41012,50.6
0,27.1,86.2,54666,16.7
0,23.9,86,36281,9.3
0,22.6,84,40970,15.4
0,24.6,85.2,42668,36
0,23.7,89.4,53591,56.3
1,25.2,83.4,43260,18.3
0,25.8,87.1,54426,60.5
0,25.7,80.8,31790,17.9
0,20.2,81.4,36096,32.7
0,25,87.4,49905,7.9
1,23.9,79.3,37319,42.7
0,24.3,84.3,42751,63
0,23.5,82.8,44151,32.4
0,24.5,84.9,38502,87.6
0,24.2,87.3,44842,15.8
0,23.4,84.2,39430,18.6
0,23.5,80.1,35170,19.7
0,25.6,85.8,45215,1013.8
0,23.8,85.4,39156,57.5
0,22.8,87.6,44195,21.1
0,24.9,83.6,36473,67.6
0,24.2,87.4,44375,29.2
0,19.4,90,36812,113
0,22.2,83.3,41252,35.1
0,23.8,86.7,41881,52
0,24.3,86.1,42764,88.2
0,21.6,80.8,29897,8.3
0,25.7,91.3,53885,3.2
0,24.5,90.4,58525,128.6
0,25.5,82.3,33819,40.3
0,24.1,81.3,35742,63
0,23.8,85.5,43885,51.8
0,27.6,71,49901,10.1
0,24.4,77.3,36354,9.2
0,25.6,88.5,48181,1058.1
0,25.1,88.8,55723,130.1
0,23.7,89.4,48687,122.7
0,25.8,85,46686,11.6
0,20.3,88.8,51619,6.9
0,25.8,85.3,51867,16.2
0,21.5,76.8,35947,51.8
0,22.1,84.8,44509,149.5
1,19.5,71.9,25252,25.5
0,23.3,81.7,41579,261.6
1,20.1,75.5,31483,40.6
1,25.3,79.7,35231,41.2
0,19.9,91.3,57316,281.5
0,24.4,86.7,52427,161.8
0,20.4,82.8,40704,39.8
0,20.2,88.3,50792,382.3
1,23.9,75,34202,140.9
1,23,78,33103,57.1
1,23,74.9,31252,58.5
0,20.4,77.7,31410,57.6
1,23,78.8,33233,36.8
0,23.1,79.2,36323,122.4
0,25.7,70.6,28817,79.2
0,25.5,89.4,53857,238.2
0,19.4,81.3,43861,53.9
0,20.5,81.4,36120,34.9
0,24.2,82.6,41910,171.1
1,20,84.5,40131,73.9
0,23.5,85.7,49022,574.7
0,23.1,80.4,36540,153.2
1,22.5,75.8,34233,37.7
1,19.3,87.7,42431,237.5
0,21.4,78.8,36413,37.8
0,23.6,84.9,43765,84.9
0,21.9,82.3,42217,139.6
0,22.4,78.2,37383,93.2
1,20.7,72.8,27373,46.9
0,23.7,88.4,54061,375.4
0,12.8,78.8,40028,28.5
1,23.4,81.8,29149,67.6
1,20.7,69.9,28297,60.3
0,22,76.9,41718,59.5
0,20.4,83.1,41394,118.6
0,22.6,79.3,34110,83.6
0,19.7,82.2,41788,240.2
0,22,89.7,48359,507.9
0,22,76.8,38514,43.9
0,23.7,82.2,42919,351.9
0,24.6,82.3,41366,161.6
0,21.8,78.1,32556,56.3
1,21.7,77.6,25849,36.8
0,24.7,87.5,53740,332.2
0,21,83.8,43620,222.8
1,26.2,77.5,40759,95.1
1,19.8,78.5,33033,41.8
1,17.4,75.6,33443,31.7
0,21.1,86.7,45991,220.2
0,22.4,82.4,41083,301
1,21,70.4,31943,84.8
1,21.2,76.4,40689,52
1,21.6,78.6,35049,47.6
1,19.1,79.8,31842,168.3
1,23.6,83.2,52446,129.3
1,21.9,81.2,41875,60
1,19.6,74.5,33229,74.1
1,20.5,72.3,29727,33.2
1,20.9,76.7,30573,82.1
1,23.9,82.4,37618,123.1
1,24.5,76.1,36066,54.9
1,18.3,80.9,37188,82.3
0,21.5,86.4,47335,1243.3
1,20,78.8,36258,35.2
1,23.4,84.2,44318,101.4
1,24.1,83.6,38953,74.8
0,20.9,85.7,56618,54.5
1,21.9,72.4,29192,36
1,21,80,42904,74
1,24.3,82.7,38343,82.4
1,21,80.4,38495,48.3
1,21.1,74.3,32364,80.7
1,20,80,35545,110.6
1,21.6,70.5,26814,38
1,23.4,80.4,39596,388
0,21.2,86.3,46702,620.3
1,21.2,72.6,23892,30.7
1,20,74.9,30973,40.8
1,20.8,76.4,33622,45.1
1,21.1,81.1,37357,116.7
1,23.7,75.9,34542,35.2
1,23.3,80.9,38280,53.4
1,21,82.3,36950,57.5
1,21.8,75.5,39581,40.3
1,21.8,80.4,35271,42.1
1,22,84.2,42846,34.9
1,19.1,74.7,33386,37.7
1,20.8,80.4,39745,187.6
1,17.5,72.7,29609,61.1
0,21.5,90.2,47694,850.5
1,15.6,70.6,27115,47.2
1,23.2,74.5,32326,58.9
1,24.9,79,37368,67.8
1,22.2,77.7,34397,43.1
1,22.5,80.4,41571,58.5
1,19.8,84.7,51074,211.8
1,21.7,80.2,39410,121.5
1,22.7,77.9,33452,46.3
1,24.6,76.3,35306,72.4
0,23,85.9,41617,176.4
1,21.3,76.1,41268,56.7
1,23.8,80.5,42291,81.5
0,23.6,85.6,45336,132
1,20.5,74.1,35150,60.2
1,21.6,77.7,37595,70
0,27.2,90.9,49617,319.6
1,20.1,83.1,46170,49.2
1,19.7,79.6,37631,42.1
1,22.2,79.6,39467,58.4
1,22.3,75.6,34604,50.9
1,21.6,78.5,32845,19.1
1,18.6,78.9,35184,31.2
1,20.6,77.4,39074,38.7
0,21.3,83,33709,180.3
1,23.1,76.9,36741,100.9
1,19.8,83.7,42223,150.2
1,25.1,85.2,52792,139.2
0,25,89.7,55401,424
1,24.5,75,28401,41.8
1,21.8,80.5,36434,53.1
1,21.1,82.3,43649,151.7
0,25.5,86,46250,1215.5
1,23.4,78.9,42383,61
1,21.5,84.4,39781,29
0,19.9,84.1,39479,379.4
0,24.3,87.1,55509,303.4
1,25.6,85.1,52423,133.3
1,22.8,78.5,43034,68.9
1,19.4,76.1,32292,98.4
1,23.3,73.1,34399,85.5
1,19,79.5,33547,20.3
1,23.6,76.5,34641,92.1
0,19.8,86.5,42075,376.7
1,18.5,75.7,33198,23.2
1,19.4,83.8,35273,60.3
1,22,78.1,34474,68.6
0,28.1,94.6,89779,314.4
0,24.2,88.7,60390,199.7
0,19.2,79,40653,55
0,30.6,73.6,57825,9.9
0,26.1,78.2,41354,108.8
0,18.6,86,42476,91.9
0,21.7,86.5,56452,10
0,23.4,88.8,61635,2.1
0,27.9,73.6,47543,36.8
0,24.2,85.1,53265,44
0,30.3,65.4,46139,8.7
0,17.4,86.6,49215,25.9
0,25.5,80.4,51750,83.5
0,21.3,83.7,33445,4.3
0,21.3,70.8,43690,36.2
0,27.7,89.5,50060,295.2
0,26.2,82.6,50112,1383.1
0,19.2,87,49487,14.8
0,21.6,92.1,71607,0.7
0,21.8,82,44742,18.5
0,23.8,86.8,42346,104.6
0,26.8,85.3,67603,230.7
0,20.5,85,38310,332.8
0,19.6,84.8,40477,1.5
0,21.8,75.8,36250,1.8
0,28.1,63.2,21865,7.7
0,22.9,85.1,39776,40.3
0,22.7,77.7,45651,26.1
0,21.6,84.2,48115,43
0,24.2,79,44152,69.8
0,25.2,77.5,47027,42.2
0,22.2,86.1,44902,15.1
0,31.6,63.7,33179,456
0,26.1,76.2,37079,63.3
0,25.2,87.6,65026,6.7
0,22.5,84.3,35598,32.5
0,30.4,68.2,36402,9
0,27.7,85,72489,58.8
0,25.6,76.7,38378,48.3
0,20.9,88.4,47532,10.1
0,21.6,88.5,53776,9.9
0,28.3,66.1,38650,4
0,19.7,85.5,40795,3.6
0,21.9,82.3,31373,7
0,27.2,93.4,82762,930
0,28.3,79,41576,3.3
0,22.9,82.2,45146,21.7
0,23.1,89.4,65839,193.9
0,23.1,76,36020,14.9
0,12.9,71.2,51411,4.2
0,24.2,83.8,50067,43.9
0,24.8,87.5,49819,71.7
0,21.8,76.2,34639,1.7
0,30,68.9,50417,5.6
0,25.6,64.3,50475,1.3
0,26.8,69.5,38187,6.7
0,25.1,70.2,37105,0.6
0,32,72.3,40895,4.5
0,26.9,77.4,49481,2718
0,25,68.5,39714,15.4
0,31.9,69.5,41444,12.9
0,22,85.4,40375,20.4
0,26.1,91.8,74155,754.3
0,22.1,76.8,46454,22.1
0,18.9,77.4,38401,2.7
0,30.4,61.6,36681,7.5
0,19.7,85.9,42411,4
0,25.7,66,34131,6.6
0,21.4,82,34914,20.1
0,29.8,72.9,51466,152.8
0,20.2,68.9,43839,0.9
0,27,83.6,61952,159.9
0,28.3,74,40157,790.6
0,20.8,82,39586,35
0,21.2,74.4,32908,23.3
0,21,82.4,44355,38.1
0,20.9,80.2,48015,25.8
0,20.7,80.8,42125,4.4
0,27.2,74.6,42279,6.5
0,21.4,78,33750,1.9
0,27.9,88.5,85297,679.5
0,24.2,83.5,45523,37.3
0,23.1,78.8,44502,22.6
0,24.4,63.9,35849,15.2
0,35.1,59.3,52910,11.7
0,18.4,62.3,47540,7.2
0,19.4,86.5,53668,23.5
0,25.9,77.9,69107,1.4
0,21.7,85.7,50923,8.5
0,26.5,69.3,39248,18.6
0,25.7,80.2,43504,24.3
0,23.8,86.3,46429,129.6
0,25.8,82.5,45525,445.4
0,22,78.5,43994,33.8
0,26.2,86,61958,184.9
0,27.7,70.2,41191,36.1
0,23.6,71.8,33006,3.8
0,20.8,81.7,40655,10.2
0,29,76.4,49150,6.1
0,23.6,80.2,36377,6
0,24.8,86.3,53013,61.3
0,27.1,78.7,53137,2402.4
0,24.9,84.6,45675,72.9
0,21.1,80.9,65750,4.1
0,20.1,74.3,36857,6.5
0,23.6,89.3,58651,231.7
0,31.6,79.3,56379,4.2
0,22,80.7,40900,89.9
0,33.6,61.8,34146,493.2
0,23.9,78.7,40769,36.6
0,26.9,77.3,50565,25.2
0,20.6,87.1,55754,121.7
0,25.2,80.2,43657,45.8
0,19.7,80.6,33119,19.3
0,21.9,74.1,45612,38.9
0,24.5,54,22545,0.8
0,23.9,81.8,44858,102.5
0,26.4,83.4,44731,25
0,22.2,82.5,50357,1.5
0,21.7,81.6,49038,9.9
0,26.1,80.6,49528,17
0,24.3,83.3,40417,38
0,12,81.1,49056,1
0,23.7,82.4,42568,287.9
0,30,66.1,36121,4.7
0,28.2,70.5,40585,47.2
0,26.4,83.1,57535,208.3
0,17.8,72.4,41297,21.8
0,21.2,70.8,42862,19.8
0,27.6,82.5,61194,132.4
0,23.4,90,73410,50.4
0,25.5,65.3,43438,0.3
0,21.5,83.4,46875,0.9
0,19.4,87.4,43601,45
0,19,79.1,43424,3.7
0,20.6,81.7,65000,0.3
0,19.1,68.9,33257,2.6
0,24.5,74.1,40566,36.4
0,26.1,78.6,34295,4.4
0,23.7,83.1,40104,54.9
0,28.3,70.2,36727,13.8
0,23.4,86,49277,27.6
0,20.7,52.9,26756,4.6
0,22.6,81.6,51534,26.4
0,22.3,82.9,44452,15.7
0,25.1,75.1,47228,65.3
0,23.1,79.3,38823,25.8
0,26.7,81.6,57978,3.5
0,20,79.6,42829,11.1
0,15.5,86.7,44094,20.7
0,30.2,89.5,68750,0.1
0,24.2,84.4,44397,311.3
0,27.3,76.1,44375,6.6
0,23.4,77.1,39194,7.8
0,24.8,82.3,41922,226.5
0,20.5,67,39500,0.6
0,21.5,78.8,41732,29.3
0,18.4,81,31967,27.7
0,30.2,70.1,42607,5.2
0,20.1,82,46865,4.3
0,25.5,78.1,43096,33.4
0,31.9,56.6,31395,42.4
0,23.9,80.5,55326,34.7
0,17.6,75.3,31215,2.5
0,27.6,81.8,62993,152
0,24.8,81.2,37391,24.3
0,22.4,81.5,44213,6.6
0,20,75.3,42045,10.3
0,23,82,44231,21.2
0,26.8,86.3,67766,437.5
0,31.3,67.5,51181,24.3
0,22.9,82,37849,51.3
0,19.9,86.8,35845,1.2
0,23.5,80.5,36777,68.2
0,26.2,78.6,40795,47.3
0,21.7,85.1,37246,15.5
0,25.8,78.7,36806,16.7
0,25.3,79.8,47057,405.8
0,31.5,69.5,49964,11.1
0,28.1,87.3,48929,1.4
0,24.7,86.2,49507,245.3
0,24.2,79.4,41670,29.5
0,24.2,83.5,52453,29.7
0,24.4,88.1,64515,129.4
0,29.1,62.5,44943,11.7
0,24.5,68.7,47019,3.3
0,20.5,76.9,37855,43
0,27.6,75.7,37951,133.3
0,26,54.7,29634,2
0,20.2,82.2,44478,47.6
0,24.3,91.1,58529,132.4
0,30.3,61.2,61250,2.9
0,17.3,76.6,33885,4.7
0,20.2,76.7,31712,12.4
0,22.5,63.2,40571,5.2
0,23.1,78.6,44548,9.6
0,24.7,92.6,67321,1
0,24.4,76.3,40601,19.4
0,27.7,91.2,86119,616.7
0,24,77.6,37667,10
0,23.2,79.8,45752,57.7
1,18.6,80.3,32963,22
0,20.4,77.2,28390,16.7
0,22.4,78.9,46107,46.3
0,27.3,77,50657,93.5
0,20.8,81,37743,5.4
0,29.2,76.3,50648,2.6
0,25.5,76.1,47513,18.7
0,23.5,87.1,47277,3.7
0,26.4,77.5,37081,32
0,27.8,77,48185,3.3
0,24.9,85.2,47432,227.6
0,23.5,84.4,55269,45.5
0,33,45,24927,49.8
0,22.3,80.6,41728,10.7
0,26.7,76.9,50543,1.2
0,22.4,74.6,42429,1.6
0,25.5,76.9,53806,2.8
0,25.4,78.3,36753,8.8
0,27.1,84.5,56853,2094.7
0,24.6,85.4,44891,143.6
0,26.9,69.1,37679,14.2
0,21.5,80.1,39286,1.8
0,29.2,72.1,42939,79.6
0,23.6,82.6,44545,72.4
0,23,87,58025,1034.4
0,19.6,81.3,34555,21
0,19.4,82.8,39940,23.5
0,24,82.5,46600,67.4
0,28.5,73.9,51750,2.7
0,27.8,69.1,34902,17
0,28.9,67,40450,15.5
0,23.5,81.2,43439,62.4
0,25.8,81.8,50364,98.4
0,15.6,81.7,37617,86.5
0,24,80.9,50097,84.1
0,28,71.9,42568,12.8
0,21.6,80.9,44858,55.8
0,34,64.2,39449,74.5
0,25.9,74.7,40411,38
0,26.4,80.5,51766,5.9
0,22.8,85.2,45086,209.5
0,23.6,79,41658,13.9
0,25.3,62.2,25886,37.5
0,27.1,92,71803,378
0,24.8,84.6,64571,53.4
0,30.4,70.1,48992,8.5
0,25.1,83.8,56005,65.4
0,19.7,83.4,43649,65
0,32.3,70.3,49340,9.9
0,24,78.6,44429,20.3
0,33.4,54.8,31109,14
0,32.3,90.9,46660,2.6
0,32.8,91.7,57292,8.7
0,31.1,92.5,49506,96.7
0,26.9,86,44724,14.5
0,23,86,46917,1.5
0,33.3,95.4,69707,1025.8
0,34.3,86.4,57683,5.7
0,31,89.8,52763,2.5
0,25.3,92,45357,1
0,22.7,91,45888,2.5
0,29.2,90.6,42369,14
0,35.1,89.9,55247,3
0,22.9,94.4,48540,1.8
0,31.4,86.4,49238,1.9
0,35.4,97.6,80337,15.5
0,25.7,88.7,38500,2.1
0,29.7,95.3,50000,2.2
0,28.3,89,60555,1387.1
0,32.2,82.8,40492,1.9
0,27.6,88.4,48369,17.5
0,30.2,89.9,46229,10.9
0,26.2,93.1,83336,19.4
0,34.5,92,61412,8.4
0,33.8,86.2,62067,7.3
0,34.9,93.6,60196,257.8
0,32.9,89.6,65050,20
0,28.3,91.7,49279,56.9
0,27.1,95.7,41458,1.1
0,29.2,88.8,54974,401.4
0,18.2,90.7,57565,48
1,19.5,90.1,50221,55
0,18.7,93.9,63989,291.7
0,17.6,83.3,35916,9.5
0,23.1,88.8,56240,75.3
0,18.9,91.6,59509,85.2
0,19.7,91.3,52480,42.1
0,18.4,89.4,49271,66.3
1,19.4,93.5,57281,86.6
1,18.9,90.8,50234,56.7
0,18.8,92.7,52460,58.5
0,21,91.4,67725,137.3
1,19.1,82.7,44848,36.5
1,21.1,78.9,52885,35.7
0,19.8,79.1,44945,68.3
1,21.9,82.2,50167,44.9
0,17.2,93.3,103208,7993.6
0,19.7,84.2,52027,76.3
1,16,90,51365,8.9
0,20.4,87.6,57596,91.2
1,16.7,83.4,42139,19.1
0,20.1,90.2,65935,61.2
1,17.7,71.3,36293,30.8
1,17.7,68.2,29848,47.9
1,18.8,70.9,38648,29.6
0,20.1,83.8,47162,108.8
1,23.5,80.9,57218,54.1
1,19.3,76.2,32853,63.3
0,15.8,75.9,48428,39.7
1,21.6,74.8,33015,26.5
0,24.4,90.1,72088,747.1
0,21.4,89,77597,79.7
1,19.3,89.7,47806,15.7
0,25.4,84.3,64423,123.1
1,21,76.9,40557,33.8
1,20.6,72.4,33318,48.1
1,20.3,80.2,52027,55.6
0,20,76.7,44885,43.4
0,23.8,91.8,110292,2766.8
0,23.9,91.4,88409,100.7
1,20.5,81.4,44618,40.2
0,21.2,85.5,68288,89.8
1,19.7,82.7,45624,81.3
0,23.5,86,68424,189.4
1,20.7,80.5,45141,48.6
1,20.5,89.3,60519,169.2
0,19.1,87.4,80976,77.2
1,17.9,75.3,30710,35.1
0,24.3,83.1,59358,117.8
1,17.5,72.7,39697,41.5
1,20.8,78.9,34659,44.3
0,22.7,92.1,75070,213.1
0,23.4,90.1,61048,1313.4
1,19.8,77,34984,141.6
1,21.1,86.1,63942,111.8
0,21,93.5,76960,470.4
1,18.7,81.5,48372,22
0,26.2,91.1,81753,131.3
1,23.5,89.4,62670,58.2
1,15,87.9,49248,85.5
1,19.3,74.2,31308,58.8
0,29.4,93.8,122238,605.8
1,21,82.5,54518,66.8
1,18.7,69,35237,29.9
1,21,79.8,53459,41.5
1,16.9,88.8,55192,104.5
1,19.1,76.9,36261,52.3
1,15.6,89,53309,84.1
0,16,89.6,45543,243.9
1,18.8,80.8,48789,31.9
0,20.9,88.8,70618,87.9
1,19.9,78.1,33635,58.5
1,15.9,85.6,51342,64.5
1,20.4,73.8,36607,50.4
1,21.9,85,60287,98.2
1,20.3,75.6,42906,77.3
1,18.1,75.3,34864,38.3
1,19.9,79.1,42143,65.5
0,19.2,85.9,76548,107.8
1,16.5,79.5,37436,66.8
1,21.2,86,63074,134.7
0,28.1,89.1,98071,1195
1,18.4,81.8,44312,109
1,17.6,83,56438,27.7
0,17.1,73.8,47083,48.3
0,20.8,90.9,60795,368.7
0,17.4,84.4,48313,37.3
0,22.4,80.7,52195,89.9
1,19.7,74.7,33872,61
1,18.9,74.9,38355,43.3
0,21.5,84.6,49625,82.5
1,20.1,79.9,37239,71.4
1,19,78,46150,31
0,25.6,89.1,78345,304.9
0,26.8,92.6,97110,479.5
1,18.2,77.8,47292,25.3
1,16,70,39635,24.7
1,19.6,77,35693,86.9
0,22.6,84,61610,176
1,19.1,83.2,41897,97.8
1,18.5,79.1,49157,76.1
1,20,72.9,36218,102.8
1,20.1,81.7,41275,63.3
0,24.1,94.9,82073,624.8
0,23.5,89.2,51027,2630
0,20.3,86,44747,4486.4
0,24.9,87.2,66085,211.4
0,22.8,93.6,65219,1758.9
